<?xml version="1.0" encoding="UTF-8" ?>
<!DOCTYPE mapper PUBLIC "-//mybatis.org//DTD Mapper 3.0//EN"
	"http://mybatis.org/dtd/mybatis-3-mapper.dtd">
<mapper namespace="com.ssafy.happyhouse.model.repo.AnswerRepo">
		
	<select id="list" resultType="answerDto">
		select answer_no, answer, answer_time, question_no, username
		from answer where question_no=#{question_no};
	</select>

	<insert id="create">
		INSERT INTO answer( answer, answer_time ,username, question_no) 
		VALUES ( #{answer}, now(), #{username}, #{question_no});
	</insert>
	
	<update id="modify">
		update answer set answer=#{answer}
		where answer_no=#{answer_no}
	</update>

	<delete id="delete">
		delete from answer 
		where answer_no=#{answer_no}
	</delete>
</mapper>