<?xml version="1.0" encoding="UTF-8" ?>
<!DOCTYPE mapper PUBLIC "-//mybatis.org//DTD Mapper 3.0//EN" 
	"http://mybatis.org/dtd/mybatis-3-mapper.dtd">

<mapper namespace="com.ssafy.happyhouse.model.repo.MemberMapper">

	<select id="idCheck" parameterType="string" resultType="int">
		select count(userid)
		from member
		where userid = #{userid}
	</select>

	<insert id="registerMember" parameterType="MemberDto">
		insert into member (userid, username, userpwd, email, joindate)
		values (#{userId}, #{userName}, #{userPwd}, #{email}, now())
	</insert>

	<select id="login" parameterType="memberDto" resultType="MemberDto">
		select username, userid, email
		from member
		where userid = #{userId} and userpwd = #{userPwd}
	</select>
	
	<select id="listMember" resultType="memberDto">
		select userid, userpwd, username, email, date_format(joindate, '%y.%m.%d') joindate
		from member
		order by joindate desc;
	</select>
	
	<select id="getMember" parameterType="String" resultType="memberdto">
		select userid, userpwd, username, email, date_format(joindate, '%y.%m.%d') joindate, favoritesido, favoritegugun
		from member
		where userid = #{userid}
	</select>
	
	<update id="updateMember" parameterType="MemberDto">
		update member
		<trim prefix="set" suffixOverrides=",">
			<if test="userPwd != null">userpwd = #{userPwd},</if>
			<if test="email != null">email = #{email},</if>
			<if test="userName != null">username = #{userName},</if>
		</trim>
		where userid = #{userId}
	</update>
	
	<delete id="deleteMember" parameterType="String">
		delete from member
		where userid = #{userid}
	</delete>
	
	<select id="userInfo" parameterType="String" resultType="memberDto">
		select username, userid, email, joindate, favoritesido, favoritegugun
		from member
		where userid = #{userid}
	</select>
	
	<update id="setFavorite" parameterType="String">
		update member
		set favoritesido=#{sido}, favoritegugun=#{gugun}
		where userid=#{userid}
	</update>
</mapper>