<?xml version="1.0" encoding="UTF-8"?>
<!DOCTYPE mapper PUBLIC "-//mybatis.org//DTD Mapper 3.0//EN" "http://mybatis.org/dtd/mybatis-3-mapper.dtd">
<mapper namespace="com.ssafy.happyhouse.model.repo.NoticeMapper">
	
	<insert id="registerNotice" >
		insert into notice (noticeno, subject, writer, content, regTime)
		values (#{noticeno}, #{subject}, #{writer}, #{content}, now()) 
	</insert>
	
	<select id="getNotice" resultType="NoticeDto" >
		select noticeno, subject, writer, content, regTime from notice
		where noticeno = #{noticeno}
	</select>
	
	<select id="listNotice" resultType="NoticeDto">
		select noticeno, subject, writer, content, regTime from notice
		order by regTime desc;
	</select>

	<update id="updateNotice" >
		update notice
			<trim prefix="set" suffixOverrides=",">
			<if test="subject != null">subject = #{subject},</if>
			<if test="content != null">content = #{content},</if>
			<if test="writer != null">writer = #{writer},</if>
		</trim>
		where noticeno = #{noticeno}
	</update>
	
	<delete id="deleteNotice">
		delete from notice
		where noticeno = #{noticeno}
	</delete>

</mapper>