<?xml version="1.0" encoding="UTF-8" ?>
<!DOCTYPE mapper PUBLIC "-//mybatis.org//DTD Mapper 3.0//EN"
	"http://mybatis.org/dtd/mybatis-3-mapper.dtd">
<mapper namespace="com.ssafy.happyhouse.model.repo.QuestionRepo">
	<select id="list" resultType="questionDto">
		select * from question ORDER BY question_no DESC;
	</select>
	
	<select id="search" resultType="questionDto">
		select * from question
		where question_no=#{question_no};
	</select>

	<insert id="create">
		INSERT INTO question( type, title, content, username, question_time) 
		VALUES ( #{type}, #{title}, #{content}, #{username}, now());
	</insert>
	
	<update id="modify">
		update question set title=#{title}, content=#{content} ,type=#{type} 
		where question_no=#{question_no}
	</update>

	<delete id="delete">
		delete from question 
		where question_no=#{question_no}
	</delete>
</mapper>